image,IOU,DICE,PRECISION,RECALL,F1,MSE,Filo # difference,Filo # abs difference,Filo len difference,Filo len abs difference,Single filo # diff,Single filo # abs diff,Fused filo # diff,Fused filo # abs diff
11,0.48820414058738565,0.656098350048528,0.625154130702836,0.6902654867256637,0.6560983500485279,0.0103808595,-12,12,9,9,-6,6,-2,2
12,0.5371188687582855,0.6988644530688515,0.7468509984639017,0.6566720691518099,0.6988644530688515,0.020458985,-14,14,-280,280,-1,1,-4,4
15,0.624747814391392,0.7690397350993378,0.7879558948261238,0.7510105092966856,0.7690397350993379,0.010898437,-6,6,-40,40,-1,1,0,0
10,0.6274138583869746,0.7710563052582596,0.9404086265607264,0.6533911671924291,0.7710563052582597,0.009609375,-12,12,-151,151,-1,1,-1,1
24,0.28685921669438985,0.44582843713278497,0.588582066397766,0.3588046150936259,0.44582843713278497,0.046054687,-57,57,-556,556,-9,9,-10,10
3,0.4838709677419355,0.6521739130434783,0.7028112449799196,0.608342989571263,0.6521739130434783,0.021875,-7,7,-165,165,-3,3,-1,1
1,0.4505003849114704,0.6211654813714043,0.6462014134275619,0.597997138769671,0.6211654813714045,0.034853514,-11,11,-244,244,-1,1,-1,1
13,0.5713853141559425,0.7272376914924367,0.8245575704610006,0.6504653567735263,0.7272376914924367,0.027646484,-28,28,-532,532,4,4,-5,5
20,0.5804674140224206,0.734551574897812,0.7519074575436869,0.717978848413631,0.7345515748978121,0.0215625,-12,12,-403,403,3,3,-1,1
6,0.5722379603399433,0.7279279279279279,0.7075306479859895,0.7495361781076066,0.727927927927928,0.008847657,-5,5,23,23,2,2,0,0
22,0.38736788488475743,0.5584212941716383,0.6977064220183486,0.4654934965570008,0.5584212941716384,0.046982422,-60,60,-673,673,-2,2,-11,11
5,0.5389876880984952,0.7004444444444444,0.6533996683250415,0.7547892720306514,0.7004444444444444,0.016455078,1,1,77,77,-1,1,0,0
16,0.6398736902540548,0.7803938730853391,0.8197866862817212,0.7446133288792384,0.7803938730853393,0.024501953,-21,21,-491,491,8,8,-4,4
8,0.49942594718714123,0.666156202143951,0.7901907356948229,0.5757776307081403,0.666156202143951,0.01703125,-21,21,-268,268,-13,13,-1,1
20,0.6606019766397125,0.7956174759908021,0.7688888888888888,0.8242713004484304,0.7956174759908021,0.014755859,-8,8,-244,244,4,4,-2,2
17,0.5603209739900388,0.718212449015783,0.6269349845201239,0.8405977584059776,0.718212449015783,0.015517578,0,0,-136,136,5,5,-1,1
14,0.49405148172182567,0.6613580425655132,0.9041963578780681,0.5213421593243551,0.6613580425655132,0.022841796,-29,29,-467,467,2,2,-4,4
19,0.6788939051918735,0.8087394957983193,0.7834581569521328,0.8357068426536992,0.8087394957983194,0.011113281,-2,2,-68,68,-1,1,0,0
4, 0.5717466600692727,0.7275303006453644,0.6871840618495391,0.7729096989966555,0.7275303006453644,0.016904296,3,3,26,26,4,4,0,0
21, 0.6514840395743886,0.7889680117553973,0.7403478998727195,0.8444229373336559,0.7889680117553972,0.018232422,8,8,-181,181,3,3,0,0
7, 0.571900826446281,0.7276550998948476,0.7801578354002254,0.6817733990147783,0.7276550998948474,0.0050585936,3,3,-37,37,4,4,0,0
9, 0.4641985353946298,0.6340650180605724,0.7791054967565723,0.5345514171937222,0.6340650180605725,0.025722656,-12,12,-332,332,5,5,-5,5
2, 0.49122807017543857,0.6588235294117647,0.665911664779162,0.6518847006651884,0.6588235294117648,0.017841797,2,2,-27,27,11,11,-2,2
23, 0.6430227167362077,0.7827313769751693,0.7831733483907397,0.7822899041173152,0.7827313769751693,0.007519531,-3,3,-36,36,3,3,-3,3
45, 0.5632183908045977, 0.7205882352941176, 0.8515568428674873, 0.6245353159851301, 0.7205882352941176, 0.00890625, -1, 1, -60, 60, 1, 1, 1, 1
26, 0.3831677992681652, 0.5540438397581254, 0.6524254561637739, 0.48144499178981937, 0.5540438397581255, 0.023046875, -6, 6, -113, 113, 19, 19, -3, 3
29, 0.5794314381270903, 0.733721545791424, 0.6913867642168274, 0.781578947368421, 0.7337215457914241, 0.014736328, 3, 3, -25, 25, 3, 3, 0, 0
27, 0.4024390243902439, 0.5739130434782609, 0.5828427249789739, 0.5652528548123981, 0.5739130434782609, 0.040195312, 7, 7, 18, 18, 36, 36, -3, 3
41, 0.5673015873015873, 0.723921409763014, 0.6784358390280941, 0.77594442032132, 0.723921409763014, 0.013310547, -3, 3, 89, 89, 0, 0, -1, 1
31, 0.5903692858304864, 0.742430441898527, 0.8296753543667124, 0.6717882265827472, 0.742430441898527, 0.024589844, -13, 13, -259, 259, 4, 4, -3, 3
39, 0.5419747716398434, 0.7029619181946404, 0.6968680089485458, 0.7091633466135459, 0.7029619181946403, 0.020566406, 4, 4, 18, 18, 4, 4, 0, 0
44, 0.4058553386911596, 0.5773785218456513, 0.5624502784407319, 0.5931208053691275, 0.5773785218456513, 0.020214844, -5, 5, -124, 124, 3, 3, -2, 2
28, 0.47058823529411764, 0.64, 0.7049808429118773, 0.5859872611464968, 0.6399999999999999, 0.038408205, 16, 16, -203, 203, 35, 35, -4, 4
36, 0.5455529496662457, 0.7059647484533675, 0.7314949201741655, 0.682156553124295, 0.7059647484533675, 0.02459961, -13, 13, -102, 102, 0, 0, 1, 1
32, 0.5799475753604194, 0.7341352136043136, 0.6857807051530415, 0.7898259705488622, 0.7341352136043136, 0.012519531, 8, 8, 116, 116, 12, 12, 0, 0
40, 0.6177461624859603, 0.7637121036797038, 0.7192676547515258, 0.8140108534780464, 0.7637121036797038, 0.009970703, 1, 1, 76, 76, 1, 1, 0, 0
46, 0.4981959478212601, 0.6650611337532419, 0.7835006547359232, 0.577727711618925, 0.6650611337532419, 0.01765625, -9, 9, -205, 205, 1, 1, -1, 1
37, 0.5043656908063687, 0.6705360191191533, 0.6997624703087886, 0.6436530478479353, 0.6705360191191532, 0.028271485, -18, 18, -165, 165, 7, 7, 0, 0
25, 0.31018078020932444, 0.4734931009440813, 0.629951690821256, 0.37929028504944734, 0.4734931009440813, 0.014160156, -7, 7, -136, 136, -4, 4, 0, 0
43, 0.4384684147794994, 0.6096323148627654, 0.6307329618516931, 0.5898977751052316, 0.6096323148627655, 0.03680664, -27, 27, -517, 517, -9, 9, -1, 1
34, 0.5269724125812687, 0.6902186421173763, 0.6707671661820622, 0.7108319506992178, 0.6902186421173763, 0.026289063, 15, 15, -15, 15, 21, 21, 1, 1
38, 0.4095634095634096, 0.5811209439528023, 0.6487376509330406, 0.5262689225289403, 0.5811209439528024, 0.016640626, -5, 5, -121, 121, 2, 2, -1, 1
48, 0.5666492420282279, 0.7233900567233901, 0.7270288397048961, 0.7197875166002656, 0.7233900567233902, 0.008095703, -5, 5, 21, 21, -2, 2, -1, 1
49, 0.48757396449704143, 0.6555290373906125, 0.7566574839302111, 0.5782456140350877, 0.6555290373906125, 0.008457031, -11, 11, -90, 90, -7, 7, -1, 1
35, 0.4950564971751412, 0.6622579121398205, 0.6865817825661117, 0.6395985401459854, 0.6622579121398205, 0.027929688, -2, 2, -160, 160, 13, 13, -2, 2
42, 0.5361816782140107, 0.6980706589827111, 0.6283265674334686, 0.7852311161217588, 0.698070658982711, 0.023535157, -19, 19, -56, 56, 1, 1, -2, 2
47, 0.23817567567567569, 0.38472032742155526, 0.9657534246575342, 0.2402044293015332, 0.38472032742155526, 0.004404297, -7, 7, -74, 74, -7, 7, 0, 0
30, 0.49490634242523823, 0.6621235436359639, 0.6446917808219178, 0.6805241753276096, 0.6621235436359639, 0.030019531, 2, 2, -116, 116, 15, 15, -1, 1
33, 0.4889354066985646, 0.6567583852179153, 0.6767384105960265, 0.6379243074522044, 0.6567583852179152, 0.016689453, 9, 9, 26, 26, 7, 7, 1, 1
64,0.5865842055185537, 0.7394302848575712, 0.8325455773126266, 0.6650485436893204, 0.7394302848575712, 0.008486328, 1, 1, -47, 47, 4, 4, 1, 1
50,0.36836573830793484, 0.5384024577572964, 0.6792635658914729, 0.44592875318066155, 0.5384024577572964, 0.011738282, 0, 0, -68, 68, 1, 1, -1, 1
72,0.49283878075651855, 0.6602706027060271, 0.6953367875647668, 0.6285714285714286, 0.660270602706027, 0.013486329, -3, 3, -131, 131, 0, 0, -1, 1
62,0.41368584758942456, 0.5852585258525853, 0.588495575221239, 0.5820568927789934, 0.5852585258525853, 0.007363281, -18, 18, -29, 29, -7, 7, 0, 0
65,0.5285266457680251, 0.6915504511894995, 0.7460176991150442, 0.6444954128440367, 0.6915504511894995, 0.00734375, 5, 5, 20, 20, 3, 3, 1, 1
73,0.6344591705857204, 0.77635364896678, 0.8065217391304348, 0.7483610690872415, 0.7763536489667799, 0.00834961, -3, 3, -78, 78, 7, 7, -3, 3
66,0.3910306845003934, 0.5622171945701357, 0.7202898550724638, 0.461038961038961, 0.5622171945701357, 0.0075585935, -5, 5, -67, 67, -2, 2, -1, 1
51,0.0013360053440213762, 0.00266844563042028, 0.0036900369003690036, 0.0020898641588296763, 0.0026684456304202804, 0.014599609, -7, 7, -69, 69, -4, 4, 0, 0
59,0.2976, 0.45869297163995065, 0.3987138263665595, 0.5399129172714079, 0.4586929716399507, 0.017148437, -8, 8, 120, 120, -15, 15, -1, 1
53,0.47676991150442477, 0.6456928838951311, 0.7574692442882249, 0.5626631853785901, 0.645692883895131, 0.0046191406, 1, 1, -24, 24, 4, 4, -1, 1
71,0.5006067961165048, 0.6672058228871816, 0.646551724137931, 0.6892230576441103, 0.6672058228871816, 0.008037109, 1, 1, 49, 49, -1, 1, -1, 1
61,0.4454497072911123, 0.6163475699558174, 0.5066585956416465, 0.7866541353383458, 0.6163475699558173, 0.030527344, -7, 7, -71, 71, -7, 7, -2, 2
54,0.48782608695652174, 0.6557568673290474, 0.7770083102493075, 0.5672396359959555, 0.6557568673290473, 0.005751953, -3, 3, -43, 43, -3, 3, 0, 0
60,0.02213778291756154, 0.04331663164700178, 0.7613636363636364, 0.022292463816336715, 0.04331663164700177, 0.057802733, -33, 33, -1776, 1776, 1, 1, -2, 2
52,0.2347417840375587, 0.38022813688212925, 0.8, 0.24937655860349128, 0.38022813688212925, 0.0063671875, -10, 10, -92, 92, -2, 2, -2, 2
70,0.5332690453230472, 0.6955974842767295, 0.8667711598746082, 0.5808823529411765, 0.6955974842767295, 0.0047265626, -4, 4, -34, 34, 5, 5, -2, 2
63,0.4902135231316726, 0.657910447761194, 0.8335854765506808, 0.5433925049309665, 0.6579104477611941, 0.005595703, -3, 3, -39, 39, 2, 2, 0, 0
57,0.3047660063163939, 0.46715810320167234, 0.906877402819308, 0.31461173681090693, 0.4671581032016723, 0.047294922, -72, 72, -1283, 1283, 12, 12, 2, 2
67,0.5511693171188026, 0.7106501025208057, 0.637524345379788, 0.802724795640327, 0.7106501025208057, 0.023427734, -2, 2, 123, 123, 10, 10, -2, 2
69,0.545681477783325, 0.7060723514211886, 0.6203178206583428, 0.8193403298350824, 0.7060723514211886, 0.008886719, -2, 2, 58, 58, -9, 9, 0, 0
55,0.6727019498607242, 0.8043297252289758, 0.8488576449912126, 0.7642405063291139, 0.804329725228976, 0.0022949218, 3, 3, -6, 6, 3, 3, 0, 0
69,0.5050784856879039, 0.6711656441717792, 0.7312834224598931, 0.6201814058956916, 0.6711656441717793, 0.005234375, -4, 4, -2, 2, 0, 0, 0, 0
58,0.31957113138102095, 0.4843560514188698, 0.9366791744840526, 0.32662741249591104, 0.48435605141886984, 0.041523438, -40, 40, -1007, 1007, 9, 9, -3, 3
56,0.7001187648456056, 0.8236115962277332, 0.7792465300727033, 0.8733333333333333, 0.8236115962277332, 0.009863282, -13, 13, -126, 126, -4, 4, 0, 0
92, 0.606687898089172, 0.755203171456888, 0.6994492525570417, 0.8206153846153846, 0.755203171456888, 0.016884767, -9, 9, -61, 61, 1, 1, -2, 2
78, 0.3439041578576462, 0.5117986366019927, 0.45692883895131087, 0.5816448152562574, 0.5117986366019927, 0.018183595, 7, 7, 127, 127, 8, 8, -1, 1
97,0.42217898832684825, 0.5937072503419972, 0.7, 0.5154394299287411, 0.5937072503419973, 0.008701172, -17, 17, -159, 159, -6, 6, -2, 2
83,0.6238761238761239, 0.7683789603199016, 0.7153493699885453, 0.8299003322259136, 0.7683789603199016, 0.007353516, 0, 0, -26, 26, 1, 1, 0, 0
96,0.33441348023331174, 0.5012141816415736, 0.759941089837997, 0.3739130434782609, 0.5012141816415735, 0.010029297, -14, 14, -211, 211, 2, 2, -2, 2
81,0.6023529411764705, 0.7518355359765051, 0.8205128205128205, 0.6937669376693767, 0.7518355359765051, 0.0016503907, 1, 1, -9, 9, 1, 1, 0, 0
95,0.49948717948717947, 0.6662106703146374, 0.5729411764705883, 0.795751633986928, 0.6662106703146374, 0.004765625, 8, 8, 42, 42, 7, 7, 0, 0
86,0.5234009360374415, 0.6871479774705581, 0.7373626373626374, 0.6433365292425696, 0.6871479774705582, 0.005966797, -12, 12, -82, 82, -3, 3, -2, 2
76,0.3889457523029683, 0.5600589535740604, 0.5993690851735016, 0.5255878284923928, 0.5600589535740604, 0.005830078, -5, 5, 4, 4, -1, 1, -1, 1
87,0.4713831478537361, 0.6407347379794706, 0.7031620553359684, 0.5884882566986437, 0.6407347379794706, 0.019482423, -5, 5, -200, 200, 7, 7, -4, 4
90,0.5940706955530216, 0.7453505007153076, 0.7707100591715976, 0.721606648199446, 0.7453505007153075, 0.010429688, -4, 4, -95, 95, 7, 7, -1, 1
75,0.6003344481605352, 0.7502612330198537, 0.9300518134715026, 0.6287215411558669, 0.7502612330198536, 0.0023339845, 0, 0, -9, 9, 3, 3, -1, 1
98,0.42787177203918075, 0.5993140006236358, 0.6091917591125198, 0.5897514575023013, 0.5993140006236358, 0.025097657, -41, 41, -213, 213, 5, 5, -11, 11
80,0.5717884130982368, 0.7275641025641025, 0.6952526799387443, 0.7630252100840336, 0.7275641025641024, 0.0033203126, 0, 0, -19, 19, 3, 3, 0, 0
77,0.5533333333333333, 0.7124463519313304, 0.6986531986531986, 0.7267950963222417, 0.7124463519313304, 0.0065429686, 0, 0, 53, 53, 0, 0, 1, 1
94,0.5625, 0.72, 0.7015057573073517, 0.7394957983193278, 0.72, 0.006015625, 2, 2, -7, 7, 3, 3, 0, 0
85,0.5431931252826775, 0.7039859320046893, 0.7217548076923077, 0.687070938215103, 0.7039859320046893, 0.009863282, -6, 6, -76, 76, -8, 8, 0, 0
79,0.5103857566765578, 0.6758349705304518, 0.7962962962962963, 0.5870307167235495, 0.6758349705304519, 0.004833984, -7, 7, -48, 48, 2, 2, -1, 1
91,0.6350710900473934, 0.7768115942028986, 0.8271604938271605, 0.73224043715847, 0.7768115942028985, 0.0030078124, -3, 3, -22, 22, 3, 3, -1, 1
74,0.4836440379880408, 0.6519677572309152, 0.5794353139485883, 0.7452574525745257, 0.651967757230915, 0.014335938, -2, 2, 66, 66, -5, 5, 1, 1
84,0.5117808219178083, 0.6770569046756071, 0.709726443768997, 0.6472626472626473, 0.6770569046756071, 0.008701172, -4, 4, -51, 51, -1, 1, -1, 1
88,0.4315214090494989, 0.6028850233347476, 0.5702247191011236, 0.6395139513951396, 0.6028850233347476, 0.01828125, 9, 9, 29, 29, 0, 0, 0, 0
93,0.5186830943243789, 0.6830695571219577, 0.6021101992966003, 0.7891825445605408, 0.6830695571219576, 0.023271484, -2, 2, 138, 138, -1, 1, 0, 0
82,0.4110032362459547, 0.5825688073394495, 0.6535162950257289, 0.5255172413793103, 0.5825688073394495, 0.0053320313, -8, 8, -34, 34, -2, 2, -1, 1
89,0.517301642782244, 0.681870536742686, 0.6804597701149425, 0.6832871652816251, 0.681870536742686, 0.013486329, 5, 5, -42, 42, 12, 12, -1, 1
109,0.5415704387990762, 0.702621722846442, 0.8496376811594203, 0.598978288633461, 0.702621722846442, 0.0038769532, -2, 2, -37, 37, -2, 2, 0, 0
114,0.49184149184149184, 0.659375, 0.8755186721991701, 0.5288220551378446, 0.659375, 0.0021289063, -2, 2, -40, 40, -2, 2, 0, 0
104,0.5284450063211125, 0.6914805624483044, 0.5718194254445964, 0.8744769874476988, 0.6914805624483042, 0.0036425781, 3, 3, 58, 58, 3, 3, 0, 0
108,0.5427631578947368, 0.7036247334754797, 0.6790123456790124, 0.7300884955752213, 0.7036247334754797, 0.0013574219, 3, 3, 14, 14, 3, 3, 0, 0
106,0.5732217573221757, 0.7287234042553191, 0.8353658536585366, 0.6462264150943396, 0.7287234042553192, 0.0009960937, 0, 0, -11, 11, 0, 0, 0, 0
112,0.6201607012417824, 0.7655545536519387, 0.8210831721470019, 0.7170608108108109, 0.7655545536519387, 0.005078125, -4, 4, -45, 45, 5, 5, -3, 3
111,0.4166666666666667, 0.5882352941176471, 0.5717761557177615, 0.6056701030927835, 0.5882352941176471, 0.0032128906, 3, 3, 0, 0, 2, 2, 0, 0
100,0.668241965973535, 0.8011331444759207, 0.7668112798264642, 0.8386714116251482, 0.8011331444759207, 0.0034277344, 1, 1, -2, 2, 1, 1, 0, 0
105,0.4482758620689655, 0.6190476190476191, 0.7222222222222222, 0.5416666666666666, 0.619047619047619, 0.00015625, 0, 0, -1, 1, 0, 0, 0, 0
101,0.5789473684210527, 0.7333333333333333, 0.72875, 0.7379746835443038, 0.7333333333333333, 0.004140625, 0, 0, 24, 24, 2, 2, 0, 0
115,0.42662116040955633, 0.5980861244019139, 0.6613756613756614, 0.5458515283842795, 0.5980861244019139, 0.001640625, 2, 2, -6, 6, 3, 3, 0, 0
117,0.5878787878787879, 0.7404580152671756, 0.7651699029126213, 0.717292377701934, 0.7404580152671755, 0.008632813, -6, 6, -113, 113, -3, 3, 1, 1
120,0.5894549763033176, 0.7417070443533358, 0.7583841463414634, 0.7257476294675419, 0.7417070443533358, 0.006767578, 3, 3, 3, 3, 4, 4, 0, 0
119,0.6159905474596298, 0.7623689982939312, 0.6785249457700651, 0.8698553948832035, 0.7623689982939311, 0.009521484, 5, 5, 30, 30, 8, 8, 0, 0
113,0.5077186963979416, 0.6734926052332195, 0.8131868131868132, 0.574757281553398, 0.6734926052332194, 0.0028027343, -2, 2, -36, 36, 0, 0, 0, 0
118,0.551779935275081, 0.7111574556830031, 0.8327228327228328, 0.6205641492265697, 0.7111574556830031, 0.005410156, -2, 2, -64, 64, 1, 1, 0, 0
102,0.6162227602905569, 0.7625468164794007, 0.8105095541401274, 0.7199434229137199, 0.7625468164794007, 0.0030957032, -1, 1, -38, 38, -2, 2, 0, 0
110,0.5250578257517348, 0.6885743174924166, 0.7402173913043478, 0.6436672967863895, 0.6885743174924166, 0.006015625, 1, 1, -28, 28, 1, 1, 0, 0
99,0.4513406156901688, 0.6219637358877865, 0.6424028268551236, 0.6027851458885941, 0.6219637358877865, 0.010791016, 6, 6, -35, 35, 9, 9, -1, 1
122,0.5771144278606966, 0.7318611987381703, 0.8923076923076924, 0.6203208556149733, 0.7318611987381703, 0.0033203126, 0, 0, -37, 37, 2, 2, 0, 0
121,0.6171706263498921, 0.7632721202003339, 0.8288614938361131, 0.7073019801980198, 0.7632721202003339, 0.0069238283, 4, 4, -66, 66, 8, 8, 0, 0
116,0.6526655896607432, 0.7898338220918866, 0.761402186204297, 0.8204711616571893, 0.7898338220918867, 0.010498047, -2, 2, -70, 70, 2, 2, 1, 1
107,0.5072463768115942, 0.6730769230769231, 0.7446808510638298, 0.6140350877192983, 0.673076923076923, 0.00033203125, 0, 0, 1, 1, 0, 0, 0, 0
103,0.554006968641115, 0.7130044843049327, 0.775609756097561, 0.6597510373443983, 0.7130044843049326, 0.00125, 0, 0, -6, 6, 0, 0, 0, 0
135,0.6138211382113821, 0.760705289672544, 0.7512437810945274, 0.7704081632653061, 0.760705289672544, 0.00092773436, 0, 0, 10, 10, 0, 0, 0, 0
126,0.6538071065989848, 0.7906691221608348, 0.7777777777777778, 0.8039950062421972, 0.7906691221608348, 0.0066601564, -2, 2, -2, 2, -4, 4, 1, 1
130,0.20100502512562815, 0.33472803347280333, 0.273972602739726, 0.43010752688172044, 0.3347280334728033, 0.0015527344, -1, 1, 11, 11, -1, 1, 0, 0
125,0.49244444444444446, 0.6599166170339488, 0.600216684723727, 0.7328042328042328, 0.6599166170339489, 0.005576172, 0, 0, 47, 47, 8, 8, -1, 1
129,0.3975694444444444, 0.568944099378882, 0.44901960784313727, 0.7762711864406779, 0.568944099378882, 0.003388672, 3, 3, 64, 64, 3, 3, 0, 0
134,0.5497512437810945, 0.709470304975923, 0.8875502008032129, 0.5909090909090909, 0.709470304975923, 0.0017675781, -2, 2, -24, 24, -2, 2, 0, 0
132,0.6638297872340425, 0.7979539641943734, 0.75, 0.8524590163934426, 0.7979539641943733, 0.0007714844, 1, 1, -1, 1, 1, 1, 0, 0
139,0.5986394557823129, 0.7489361702127659, 0.8979591836734694, 0.6423357664233577, 0.7489361702127659, 0.0040332032, -6, 6, -46, 46, 2, 2, -2, 2
147,0.4565916398713826, 0.6269315673289183, 0.8304093567251462, 0.5035460992907801, 0.6269315673289182, 0.0016503907, -3, 3, -17, 17, 1, 1, 0, 0
145,0.6187050359712231, 0.7644444444444445, 0.8565737051792829, 0.6902086677367576, 0.7644444444444444, 0.0025878907, -1, 1, -24, 24, -1, 1, 0, 0
136,0.5909980430528375, 0.7429274292742928, 0.9014925373134328, 0.6317991631799164, 0.7429274292742928, 0.0020410155, 0, 0, -25, 25, 0, 0, 0, 0
127,0.47628657921291623, 0.6452494873547505, 0.7986463620981388, 0.5412844036697247, 0.6452494873547504, 0.0050683594, -4, 4, -57, 57, 0, 0, 0, 0
123,0.46357615894039733, 0.6334841628959276, 0.8974358974358975, 0.48951048951048953, 0.6334841628959277, 0.002373047, 0, 0, -25, 25, 0, 0, 0, 0
143,0.5726027397260274, 0.7282229965156795, 0.825, 0.6517671517671517, 0.7282229965156795, 0.0045703123, -5, 5, -44, 44, -4, 4, 0, 0
137,0.4171974522292994, 0.5887640449438202, 0.903448275862069, 0.43666666666666665, 0.5887640449438202, 0.0017871094, -4, 4, -36, 36, -4, 4, 0, 0
138,0.3668407310704961, 0.5367717287488061, 0.7960339943342776, 0.4048991354466859, 0.5367717287488061, 0.004736328, -2, 2, -92, 92, -2, 2, 0, 0
141,0.44510385756676557, 0.6160164271047228, 0.9146341463414634, 0.46439628482972134, 0.6160164271047228, 0.0018261719, -4, 4, -28, 28, -2, 2, 0, 0
144,0.6192170818505338, 0.7648351648351648, 0.8446601941747572, 0.6987951807228916, 0.7648351648351649, 0.0010449219, -3, 3, -14, 14, -3, 3, 0, 0
124,0.5147540983606558, 0.6796536796536796, 0.8626373626373627, 0.5607142857142857, 0.6796536796536797, 0.0014453125, -2, 2, -27, 27, -1, 1, 0, 0
140,0.35454545454545455, 0.5234899328859061, 0.9069767441860465, 0.36792452830188677, 0.523489932885906, 0.00069335935, -2, 2, -19, 19, -2, 2, 0, 0
133,0.5776699029126213, 0.7323076923076923, 0.8341121495327103, 0.6526508226691042, 0.7323076923076923, 0.002548828, -1, 1, -30, 30, -1, 1, 0, 0
131,0.5736434108527132, 0.729064039408867, 0.8043478260869565, 0.6666666666666666, 0.729064039408867, 0.0005371094, -1, 1, -9, 9, -1, 1, 0, 0
128,0.5963020030816641, 0.747104247104247, 0.6906603212373588, 0.8135949544498949, 0.7471042471042472, 0.0076757814, 1, 1, -1, 1, 3, 3, -1, 1
142,0.5077473182359953, 0.6735177865612648, 0.7376623376623377, 0.6196363636363637, 0.6735177865612648, 0.0080664065, -13, 13, -80, 80, -10, 10, -1, 1
146,0.6893491124260355, 0.8161120840630472, 0.91015625, 0.7396825396825397, 0.8161120840630472, 0.0010253906, -3, 3, -9, 9, -3, 3, 0, 0
148,0.33647798742138363, 0.5035294117647059, 0.4930875576036866, 0.5144230769230769, 0.5035294117647059, 0.0020605468, -2, 2, 8, 8, -2, 2, 0, 0
170,0.5901442307692307, 0.7422524565381708, 0.7571318427139553, 0.7279466271312083, 0.7422524565381707, 0.0066601564, -7, 7, -64, 64, 0, 0, -1, 1
155,0.43302180685358255, 0.6043478260869565, 0.9144736842105263, 0.4512987012987013, 0.6043478260869565, 0.0017773438, -2, 2, -25, 25, 1, 1, 0, 0
156,0.592944369063772, 0.7444633730834753, 0.7761989342806395, 0.7152209492635024, 0.7444633730834753, 0.0029296875, -3, 3, -5, 5, 2, 2, 0, 0
160,0.4838095238095238, 0.6521181001283697, 0.5746606334841629, 0.7537091988130564, 0.6521181001283697, 0.0026464844, 0, 0, 36, 36, 2, 2, 0, 0
154,0.6608357628765792, 0.7957870099473376, 0.8047337278106509, 0.7870370370370371, 0.7957870099473376, 0.0034082031, -5, 5, -38, 38, -1, 1, -1, 1
161,0.5970695970695971, 0.7477064220183486, 0.7715976331360946, 0.7252502780867631, 0.7477064220183486, 0.004296875, 4, 4, 32, 32, 2, 2, 0, 0
162,0.6540284360189573, 0.7908309455587392, 0.8389057750759878, 0.7479674796747967, 0.7908309455587391, 0.0014257813, 0, 0, 7, 7, 1, 1, 0, 0
152,0.6695652173913044, 0.8020833333333334, 0.7475728155339806, 0.8651685393258427, 0.8020833333333334, 0.0022265625, -1, 1, 4, 4, 0, 0, 0, 0
151,0.6733931240657698, 0.8048235819562305, 0.7780656303972366, 0.8334875115633672, 0.8048235819562304, 0.004267578, 2, 2, 22, 22, 0, 0, 0, 0
164,0.13333333333333333, 0.23529411764705882, 0.14432989690721648, 0.6363636363636364, 0.2352941176470588, 0.0008886719, 1, 1, 27, 27, 1, 1, 0, 0
165,0.5977443609022557, 0.7482352941176471, 0.888268156424581, 0.6463414634146342, 0.7482352941176471, 0.0010449219, -1, 1, -13, 13, -1, 1, 0, 0
159,0.5484375, 0.7083753784056509, 0.612565445026178, 0.8397129186602871, 0.7083753784056509, 0.0028222657, 1, 1, 15, 15, 3, 3, 0, 0
158,0.3756345177664975, 0.5461254612546126, 0.4539877300613497, 0.6851851851851852, 0.5461254612546126, 0.0012011719, 2, 2, 0, 0, 2, 2, 0, 0
166,0.75, 0.8571428571428571, 0.9032258064516129, 0.8155339805825242, 0.8571428571428571, 0.000546875, 0, 0, -2, 2, 0, 0, 0, 0
168,0.6055045871559633, 0.7542857142857143, 0.88, 0.66, 0.7542857142857142, 0.00083984376, 0, 0, -9, 9, 0, 0, 0, 0
153,0.5901639344262295, 0.7422680412371134, 0.8571428571428571, 0.6545454545454545, 0.7422680412371134, 0.0014648438, -5, 5, -20, 20, -1, 1, -1, 1
167,0.24390243902439024, 0.39215686274509803, 1.0, 0.24390243902439024, 0.39215686274509803, 0.00030273438, -1, 1, -8, 8, -1, 1, 0, 0
149,0.5406301824212272, 0.7018299246501615, 0.5948905109489051, 0.8556430446194225, 0.7018299246501615, 0.002705078, 4, 4, 51, 51, 5, 5, 0, 0
171,0.4177215189873418, 0.5892857142857143, 0.7603686635944701, 0.48104956268221577, 0.5892857142857143, 0.0022460937, -1, 1, -18, 18, 2, 2, 0, 0
150,0.292, 0.4520123839009288, 0.46794871794871795, 0.437125748502994, 0.4520123839009288, 0.0017285156, 0, 0, -2, 2, 0, 0, 0, 0
157,0.4701492537313433, 0.6395939086294417, 0.8289473684210527, 0.5206611570247934, 0.6395939086294417, 0.00069335935, -3, 3, -11, 11, -1, 1, 0, 0
163,0.6620530565167243, 0.7966689798750868, 0.9258064516129032, 0.6991473812423873, 0.7966689798750867, 0.0028613282, -1, 1, -4, 4, -1, 1, 0, 0
169,0.6704545454545454, 0.8027210884353742, 0.7195121951219512, 0.9076923076923077, 0.802721088435374, 0.0008496094, 2, 2, 16, 16, 2, 2, 0, 0
172,0.2949640287769784, 0.45555555555555555, 0.9534883720930233, 0.29927007299270075, 0.45555555555555555, 0.00095703127, -2, 2, -15, 15, -2, 2, 0, 0
176,0.6566473988439306, 0.7927424982554082, 0.9088, 0.7029702970297029, 0.7927424982554083, 0.0029003907, -4, 4, -17, 17, -6, 6, 0, 0
187,0.558303886925795, 0.7165532879818595, 0.8633879781420765, 0.6124031007751938, 0.7165532879818594, 0.0012207031, 1, 1, -19, 19, 1, 1, 0, 0
173,0.5673076923076923, 0.7239263803680982, 0.7637540453074434, 0.6880466472303207, 0.7239263803680982, 0.0017578125, -4, 4, -14, 14, -2, 2, 0, 0
180,0.0, 0.0, 0.0, 0.0, 0.0, 0.0006640625, -4, 4, -15, 15, -4, 4, 0, 0
196,0.5299539170506913, 0.6927710843373494, 0.7232704402515723, 0.6647398843930635, 0.6927710843373494, 0.0019921875, -1, 1, -11, 11, -1, 1, 0, 0
183,0.4117647058823529, 0.5833333333333334, 0.8155339805825242, 0.4540540540540541, 0.5833333333333334, 0.00234375, -5, 5, -36, 36, -4, 4, 0, 0
190,0.6, 0.75, 0.8674698795180723, 0.6605504587155964, 0.7499999999999999, 0.00046875, -2, 2, -8, 8, -2, 2, 0, 0
186,0.5773809523809523, 0.7320754716981132, 0.8083333333333333, 0.6689655172413793, 0.7320754716981132, 0.00069335935, 0, 0, -6, 6, -1, 1, 0, 0
188,0.5357142857142857, 0.6976744186046512, 0.8333333333333334, 0.6, 0.6976744186046512, 0.0012695312, -2, 2, -14, 14, 0, 0, -1, 1
193,0.37367303609341823, 0.5440494590417311, 0.7489361702127659, 0.42718446601941745, 0.5440494590417311, 0.0028808594, -4, 4, -37, 37, -2, 2, 0, 0
189,0.5, 0.6666666666666666, 0.8181818181818182, 0.5625, 0.6666666666666666, 0.00017578126, 1, 1, 1, 1, 1, 1, 0, 0
195,0.7457044673539519, 0.8543307086614174, 0.875, 0.8346153846153846, 0.8543307086614174, 0.00072265626, 0, 0, -3, 3, 0, 0, 0, 0
192,0.7269938650306749, 0.8419182948490231, 0.915057915057915, 0.7796052631578947, 0.841918294849023, 0.0008691406, -1, 1, -5, 5, -1, 1, 0, 0
191,0.7231638418079096, 0.839344262295082, 0.8888888888888888, 0.7950310559006211, 0.8393442622950819, 0.00047851563, -1, 1, -8, 8, 0, 0, 0, 0
177,0.6297229219143576, 0.7727975270479135, 0.8361204013377926, 0.7183908045977011, 0.7727975270479134, 0.0043066405, 0, 0, -42, 42, 3, 3, 0, 0
181,0.5419354838709678, 0.702928870292887, 0.9032258064516129, 0.5753424657534246, 0.7029288702928871, 0.00069335935, 0, 0, -6, 6, 1, 1, 0, 0
174,0.49702380952380953, 0.6640159045725647, 0.73568281938326, 0.605072463768116, 0.6640159045725647, 0.0016503907, -2, 2, -2, 2, 1, 1, -1, 1
182,0.5158562367864693, 0.6806136680613668, 0.953125, 0.5292841648590022, 0.6806136680613669, 0.002236328, 0, 0, -26, 26, 1, 1, 0, 0
185,0.5852842809364549, 0.7383966244725738, 0.7882882882882883, 0.6944444444444444, 0.7383966244725739, 0.0012109375, 0, 0, -3, 3, 0, 0, 0, 0
179,0.6111719605695509, 0.7586675730795377, 0.8145985401459854, 0.7099236641221374, 0.7586675730795377, 0.0034667968, -6, 6, -24, 24, 3, 3, -1, 1
194,0.44, 0.6111111111111112, 0.8088235294117647, 0.49107142857142855, 0.611111111111111, 0.00068359374, -4, 4, -9, 9, 0, 0, 0, 0
178,0.48717948717948717, 0.6551724137931034, 0.7916666666666666, 0.5588235294117647, 0.6551724137931034, 0.000390625, 0, 0, -3, 3, 0, 0, 0, 0
184,0.5714285714285714, 0.7272727272727273, 0.9230769230769231, 0.6, 0.7272727272727274, 0.0005273438, 0, 0, -7, 7, 0, 0, 0, 0
175,0.40186915887850466, 0.5733333333333334, 0.6056338028169014, 0.5443037974683544, 0.5733333333333334, 0.004375, -10, 10, 7, 7, -8, 8, 0, 0
216,0.5032679738562091, 0.6695652173913044, 0.5789473684210527, 0.7938144329896907, 0.6695652173913045, 0.0037109375, 0, 0, 37, 37, -3, 3, 1, 1
198,0.5, 0.6666666666666666, 0.6754385964912281, 0.6581196581196581, 0.6666666666666666, 0.0007519531, -1, 1, 0, 0, -1, 1, 0, 0
219,0.5217391304347826, 0.6857142857142857, 0.68, 0.6915254237288135, 0.6857142857142858, 0.0018261719, -1, 1, 5, 5, -1, 1, 0, 0
197,0.7137254901960784, 0.8329519450800915, 0.8666666666666667, 0.801762114537445, 0.8329519450800915, 0.00071289064, 0, 0, -5, 5, -1, 1, 0, 0
211,0.42996742671009774, 0.6013667425968109, 0.9361702127659575, 0.4429530201342282, 0.601366742596811, 0.0017089844, -2, 2, -24, 24, -1, 1, 0, 0
206,0.5996592844974447, 0.7497337593184239, 0.8585365853658536, 0.665406427221172, 0.7497337593184239, 0.0022949218, -1, 1, -13, 13, 0, 0, 0, 0
210,0.5323741007194245, 0.6948356807511737, 0.9308176100628931, 0.5543071161048689, 0.6948356807511737, 0.0012695312, -3, 3, -16, 16, -1, 1, 0, 0
202,0.19420289855072465, 0.32524271844660196, 0.4036144578313253, 0.27235772357723576, 0.32524271844660196, 0.0027148437, -4, 4, -15, 15, -2, 2, 0, 0
201,0.5025641025641026, 0.6689419795221843, 0.6302250803858521, 0.7127272727272728, 0.6689419795221844, 0.0018945313, 3, 3, 10, 10, 2, 2, 0, 0
217,0.5774278215223098, 0.7321131447587355, 0.8576998050682261, 0.6386066763425254, 0.7321131447587355, 0.0031445313, -2, 2, -14, 14, -3, 3, 0, 0
209,0.45843520782396086, 0.6286672254819782, 0.8351893095768375, 0.5040322580645161, 0.6286672254819782, 0.0043261717, -9, 9, -54, 54, -7, 7, 0, 0
214,0.19672131147540983, 0.3287671232876712, 1.0, 0.19672131147540983, 0.3287671232876712, 0.00047851563, -2, 2, -8, 8, -2, 2, 0, 0
212,0.499194847020934, 0.6659505907626209, 0.9393939393939394, 0.5158069883527454, 0.6659505907626209, 0.0030371093, -6, 6, -44, 44, -3, 3, -1, 1
215,0.47391304347826085, 0.6430678466076696, 0.897119341563786, 0.5011494252873563, 0.6430678466076696, 0.0023632813, -6, 6, -34, 34, -6, 6, 0, 0
213,0.4482758620689655, 0.6190476190476191, 0.7591240875912408, 0.5226130653266332, 0.6190476190476191, 0.00125, 2, 2, -3, 3, 2, 2, 0, 0
207,0.512396694214876, 0.6775956284153005, 0.8985507246376812, 0.543859649122807, 0.6775956284153006, 0.00057617185, -1, 1, -12, 12, -1, 1, 0, 0
203,0.5338809034907598, 0.6961178045515395, 0.8150470219435737, 0.6074766355140186, 0.6961178045515395, 0.0022167969, 0, 0, -31, 31, 0, 0, 0, 0
200,0.5795620437956205, 0.7338262476894639, 0.8270833333333333, 0.659468438538206, 0.733826247689464, 0.0028125, -3, 3, -34, 34, -3, 3, 0, 0
204,0.7125171939477304, 0.8321285140562249, 0.8533772652388797, 0.8119122257053292, 0.8321285140562249, 0.0020410155, -5, 5, -10, 10, -5, 5, 0, 0
208,0.38144329896907214, 0.5522388059701493, 0.8409090909090909, 0.4111111111111111, 0.5522388059701492, 0.0017578125, -2, 2, -9, 9, -2, 2, 0, 0
221,0.502262443438914, 0.6686746987951807, 0.9061224489795918, 0.5298329355608592, 0.6686746987951808, 0.0021484375, -2, 2, -24, 24, -2, 2, 0, 0
199,0.6962025316455697, 0.8208955223880597, 0.9048178613396005, 0.751219512195122, 0.8208955223880596, 0.00328125, -1, 1, -16, 16, 0, 0, 0, 0
218,0.6318840579710145, 0.7744227353463587, 0.889795918367347, 0.6855345911949685, 0.7744227353463587, 0.0012402344, 0, 0, -13, 13, -1, 1, 0, 0
205,0.36302895322939865, 0.5326797385620915, 0.5640138408304498, 0.5046439628482973, 0.5326797385620915, 0.0027929686, 1, 1, -5, 5, 2, 2, 0, 0
220,0.6417370325693607, 0.7817781043350478, 0.9156626506024096, 0.6820512820512821, 0.7817781043350477, 0.0029003907, -4, 4, -37, 37, -1, 1, 0, 0
228,0.47757255936675463, 0.6464285714285715, 0.7735042735042735, 0.5552147239263804, 0.6464285714285715, 0.0019335938, -3, 3, -21, 21, 2, 2, -1, 1
233,0.4888268156424581, 0.6566604127579737, 0.7882882882882883, 0.5627009646302251, 0.6566604127579738, 0.0017871094, -2, 2, -15, 15, 1, 1, -1, 1
235,0.4715090795241077, 0.6408510638297872, 0.6587926509186351, 0.623860811930406, 0.6408510638297872, 0.008242187, -8, 8, -13, 13, -4, 4, -1, 1
223,0.3498542274052478, 0.5183585313174947, 0.47244094488188976, 0.5741626794258373, 0.5183585313174947, 0.0021777344, 5, 5, 23, 23, 4, 4, 0, 0
231,0.5581947743467933, 0.7164634146341463, 0.8834586466165414, 0.6025641025641025, 0.7164634146341463, 0.0018164063, 0, 0, -20, 20, 0, 0, 0, 0
222,0.5573770491803278, 0.7157894736842105, 0.9532710280373832, 0.5730337078651685, 0.7157894736842105, 0.0007910156, -2, 2, -14, 14, -2, 2, 0, 0
225,0.6003683241252302, 0.7502876869965478, 0.8232323232323232, 0.6892177589852009, 0.7502876869965477, 0.0021191407, 4, 4, 5, 5, 3, 3, 0, 0
227,0.3333333333333333, 0.5, 0.8315412186379928, 0.3574730354391371, 0.5, 0.00453125, -5, 5, -92, 92, -2, 2, -1, 1
234,0.5053191489361702, 0.6713780918727915, 0.9223300970873787, 0.5277777777777778, 0.6713780918727916, 0.00090820313, -2, 2, -13, 13, 0, 0, 0, 0
232,0.26373626373626374, 0.41739130434782606, 1.0, 0.26373626373626374, 0.4173913043478261, 0.0006542969, -3, 3, -13, 13, -3, 3, 0, 0
244,0.19548872180451127, 0.3270440251572327, 0.9629629629629629, 0.19696969696969696, 0.3270440251572327, 0.0010449219, -4, 4, -17, 17, -4, 4, 0, 0
237,0.46808510638297873, 0.6376811594202898, 0.7857142857142857, 0.5365853658536586, 0.6376811594202899, 0.0007324219, 2, 2, 0, 0, 2, 2, 0, 0
226,0.5659340659340659, 0.7228070175438597, 0.8062622309197651, 0.6550079491255962, 0.7228070175438597, 0.0030859376, 1, 1, -24, 24, 2, 2, 0, 0
236,0.6142131979695431, 0.7610062893081762, 0.7658227848101266, 0.75625, 0.761006289308176, 0.0007421875, 1, 1, 13, 13, 0, 0, 0, 0
243,0.6188118811881188, 0.764525993883792, 0.8314855875831486, 0.7075471698113207, 0.764525993883792, 0.0022558593, -2, 2, -37, 37, -2, 2, 0, 0
240,0.5483870967741935, 0.7083333333333334, 0.9042553191489362, 0.5821917808219178, 0.7083333333333334, 0.00068359374, 0, 0, 5, 5, 0, 0, 0, 0
239,0.6122685185185185, 0.7595118449389806, 0.8816666666666667, 0.6670870113493065, 0.7595118449389806, 0.0032714843, -2, 2, -23, 23, 1, 1, -1, 1
241,0.4853801169590643, 0.6535433070866141, 0.7904761904761904, 0.5570469798657718, 0.6535433070866142, 0.000859375, 1, 1, -5, 5, 1, 1, 0, 0
229,0.49257425742574257, 0.6600331674958541, 0.6655518394648829, 0.6546052631578947, 0.6600331674958541, 0.002001953, 1, 1, 16, 16, 1, 1, 0, 0
245,0.4074074074074074, 0.5789473684210527, 0.8191489361702128, 0.4476744186046512, 0.5789473684210527, 0.0021875, 0, 0, -36, 36, 1, 1, 0, 0
242,0.725925925925926, 0.8412017167381974, 0.8672566371681416, 0.8166666666666667, 0.8412017167381974, 0.00036132813, 0, 0, -2, 2, 0, 0, 0, 0
238,0.5027932960893855, 0.6691449814126395, 0.7563025210084033, 0.6, 0.6691449814126393, 0.0017382812, 3, 3, -8, 8, 3, 3, 0, 0
230,0.4815668202764977, 0.6500777604976672, 0.6220238095238095, 0.6807817589576547, 0.6500777604976671, 0.0021972656, 1, 1, 19, 19, 2, 2, 0, 0
224,0.46258503401360546, 0.6325581395348837, 0.6044444444444445, 0.6634146341463415, 0.6325581395348837, 0.0015429688, -1, 1, 6, 6, -1, 1, 0, 0